nucleotide	aminoAcid	count (templates/reads)	frequencyCount (%)	cdr3Length	vMaxResolved	vFamilyName	vGeneName	vGeneAllele	vFamilyTies	vGeneNameTies	vGeneAlleleTies	dMaxResolved	dFamilyName	dGeneName	dGeneAllele	dFamilyTies	dGeneNameTies	dGeneAlleleTies	jMaxResolved	jFamilyName	jGeneName	jGeneAllele	jFamilyTies	jGeneNameTies	jGeneAlleleTies	vDeletion	n1Insertion	d5Deletion	d3Deletion	n2Insertion	jDeletion	vIndex	n1Index	dIndex	n2Index	jIndex	estimatedNumberGenomes	sequenceStatus	cloneResolved	vOrphon	dOrphon	jOrphon	vFunction	dFunction	jFunction	fractionNucleated	vAlignLength	vAlignSubstitutionCount	vAlignSubstitutionIndexes	vAlignSubstitutionGeneThreePrimeIndexes	vSeqWithMutations
AAGAAGCTCCTCCTCAGTGACTCTGGCTTCTATCTCTGTGCCTGGAGTGTACTTTTGGGAAATACCTATGGCTACACCTTCGGTTCG	CAWSVLLGNTYGYTF	2	0.03333333333333333	45	TCRBV30-01*02	TCRBV30	TCRBV30-01	02								TCRBD01,TCRBD02	TCRBD01-01,TCRBD02-01		TCRBJ01-02*01	TCRBJ01	TCRBJ01-02	01				0	5	0	8	6	4	36	50	56	60	65	2	In	VDJ												
TGGCTCTGAAATCTGCAACTCCCTTTCAGGTGTCCCTGTGTCCTTGTACCCCGGGTGAGAAAGACCTATGGCTACACCTTCGGTTCG		2	0.03333333333333333	43	TCRBVA-or09_02*01	TCRBVA	TCRBVA-or09_02	01				TCRBD02-01	TCRBD02	TCRBD02-01				01,02	TCRBJ01-02*01	TCRBJ01	TCRBJ01-02	01				10	10	8	4	4	4	38	47	51	55	65	2	Out	VDJ												
GCTCAGGCTGGAGTTGGCTGCTCCCTCCCAGACATCTGTGTACTTCTGTGCCAGCAGTTATAGGGGTAGGAAGCTTTCTTTGGACAA		2	0.03333333333333333	35	TCRBV06-06	TCRBV06	TCRBV06-06				01,02	TCRBD01-01*01	TCRBD01	TCRBD01-01	01				TCRBJ01-01*01	TCRBJ01	TCRBJ01-01	01				3	3	5	2	1	8	46	60	61	66	69	2	Out	VDJ												
CCACACCAGCCAAACAGCTTTGTACTTCTGTCCTGGGAGGAGGATGCAAGCGAACAAAGTCGGGCCAACGTCCTGACTTTCGGGGCC		1	0.016666666666666666	53	TCRBV22-01*01	TCRBV22	TCRBV22-01	01				TCRBD02-01	TCRBD02	TCRBD02-01				01,02	TCRBJ02-06*01	TCRBJ02	TCRBJ02-06	01				5	9	6	6	9	5	28	39	48	52	61	1	Out	VDJ												
CCCTCAGAACCCAGGGACTCAGCTGTGTACTTCTGTGCCAGCAGTTTCTCGACCTGTTCGGCTAACTATGGCTACACCTTCGGTTCG	CASSFSTCSANYGYTF	1	0.016666666666666666	48	TCRBV12	TCRBV12				TCRBV12-03,TCRBV12-04						TCRBD01,TCRBD02	TCRBD01-01,TCRBD02-01		TCRBJ01-02*01	TCRBJ01	TCRBJ01-02	01				3	8	2	7	3	0	33	47	50	53	61	1	In	VDJ												
CTCTGGAGCTGGGGGACTCAGCTTTGTATTTCTGTGCCAGCTCGGTCACTCAAACAAAGTCGGGCCAACGTCCTGACTTTCGGGGCC		1	0.016666666666666666	49	TCRBV09-01	TCRBV09	TCRBV09-01				01,02					TCRBD01,TCRBD02	TCRBD01-01,TCRBD02-01		TCRBJ02-06*01	TCRBJ02	TCRBJ02-06	01				7	5	3	6	12	5	32	41	53	56	61	1	Out	VDJ												
TGGAGCTTGGTGACTCTGCTGTGTATTTCTGTGCCAGCAGCCACTACCTAGGGGGCAGCAACTAATGAAAAACTGTTTTTTGGCAGT		1	0.016666666666666666	52	TCRBV03	TCRBV03				TCRBV03-01,TCRBV03-02		TCRBD01-01*01	TCRBD01	TCRBD01-01	01				TCRBJ01-04*01	TCRBJ01	TCRBJ01-04	01				3	2	5	0	6	0	29	43	49	56	58	1	Out	VDJ												
GAGTCGGCTGCTCCCTCCCAGACATCTGTGTACTTCTGTGCCAGCAGTGAAGCCGGGTTTGGGGGACAGCCCCAGCATTTTGGTGAT	CASSEAGFGGQPQHF	2	0.03333333333333333	45	TCRBV06-01*01	TCRBV06	TCRBV06-01	01								TCRBD01,TCRBD02	TCRBD01-01,TCRBD02-01		TCRBJ01-05*01	TCRBJ01	TCRBJ01-05	01				0	1	6	1	7	7	36	53	60	65	66	2	In	VDJ												
ACAGTGACCAGTGCCCATCCTGAAGACAGCAGCTTCTACATCTGCAGTGCGACGACAGGGATGAATCAGCCCCAGCATTTTGGTGAT	CSATTGMNQPQHF	1	0.016666666666666666	39	TCRBV20	TCRBV20				TCRBV20-01,TCRBV20-or09_02		TCRBD01-01*01	TCRBD01	TCRBD01-01	01				TCRBJ01-05*01	TCRBJ01	TCRBJ01-05	01				6	3	2	3	3	4	42	50	53	60	63	1	In	VDJ												
CAGCCCTCAGAACCCAGGGACTCAGCTGTGTACTTCTGTGCCAGCAGTCCGCAGGGGGGCTCTGGAAACACCATATATTTTGGAGAG	CASSPQGGSGNTIYF	1	0.016666666666666666	45	TCRBV12	TCRBV12				TCRBV12-03,TCRBV12-04		TCRBD01-01*01	TCRBD01	TCRBD01-01	01				TCRBJ01-03*01	TCRBJ01	TCRBJ01-03	01				5	1	4	1	3	0	36	48	51	58	59	1	In	VDJ												
GAGTCGGCTGCTCCCTCCCAAACATCTGTGTACTTCTGTGCCAGCAGTTACAATGGAGCAGGGGGGAGCGGCTACACCTTCGGTTCG	CASSYNGAGGSGYTF	1	0.016666666666666666	45	TCRBV06	TCRBV06				TCRBV06-02,TCRBV06-03		TCRBD01-01*01	TCRBD01	TCRBD01-01	01				TCRBJ01-02*01	TCRBJ01	TCRBJ01-02	01				2	4	4	1	7	8	36	51	58	65	69	1	In	VDJ												
AGCGCACAGAGCAAGGGCGACTCGGCTGTGTATCTCTGTGCCAGAAATGATAGACAAAGTCGGGCCAACGTCCTGACTTTCGGGGCC	CARNDRQSRANVLTF	1	0.016666666666666666	45	TCRBV07-05*01	TCRBV07	TCRBV07-05	01				TCRBD01-01*01	TCRBD01	TCRBD01-01	01				TCRBJ02-06*01	TCRBJ02	TCRBJ02-06	01				6	5	2	6	6	5	36	46	52	56	61	1	In	VDJ												
GCACCTTGGAGCTGGGGGACTCGGCCCTTTATCTTTGCGCCAGCATTAGACCATGTTCGAAAGACCTATGGCTACACCTTCGGTTCG		1	0.016666666666666666	46	TCRBV05-01*01	TCRBV05	TCRBV05-01	01								TCRBD01,TCRBD02	TCRBD01-01,TCRBD02-01		TCRBJ01-02*01	TCRBJ01	TCRBJ01-02	01				6	14	2	7	3	4	35	45	48	51	65	1	Out	VDJ												
CAGCGCACACAGCAGGAGGACTCCGCCGTGTATCTCTGTGCCAGCAGCTTAGACAGGTCCAGCACAGATACGCAGTATTTTGGCCCA	CASSLDRSSTDTQYF	1	0.016666666666666666	45	TCRBV07-08*01	TCRBV07	TCRBV07-08	01				TCRBD01-01*01	TCRBD01	TCRBD01-01	01				TCRBJ02-03*01	TCRBJ02	TCRBJ02-03	01				1	3	3	4	0	0	36	-1	52	57	60	1	In	VDJ												
GAGTCGGCTGCTCCCTCCCAGACATCTGTGTACTTCTGTGCCAGCACTTATCAGGAGGGGGGCGGCGGGGAGCTGTTTTTTGGAGAA	CASTYQEGGGGELFF	2	0.03333333333333333	45	TCRBV06-01*01	TCRBV06	TCRBV06-01	01								TCRBD01,TCRBD02	TCRBD01-01,TCRBD02-01		TCRBJ02-02*01	TCRBJ02	TCRBJ02-02	01				7	4	5	1	9	7	36	46	55	61	65	2	In	VDJ												
CCCTGGAGCTTGGTGACTCTGCTGTGTATTTCTGTGCCAGCAGCCCGGGATCTCCCATTTTTCTCTGAGACCCAGTACTTCGGGCCA		1	0.016666666666666666	49	TCRBV03	TCRBV03				TCRBV03-01,TCRBV03-02		TCRBD02-01*02	TCRBD02	TCRBD02-01	02				TCRBJ02-05*01	TCRBJ02	TCRBJ02-05	01				4	16	8	3	0	5	32	-1	45	50	66	1	Out	VDJ												
ATCCGGTCCACAAAGCTGGAGGACTCAGCCATGTACTTCTGTGCCAGCAGTTATCAGGGCTCTGGAAACACCATATATTTTGGAGAG	CASSYQGSGNTIYF	1	0.016666666666666666	42	TCRBV02-01*01	TCRBV02	TCRBV02-01	01				TCRBD01-01*01	TCRBD01	TCRBD01-01	01				TCRBJ01-03*01	TCRBJ01	TCRBJ01-03	01				5	0	4	3	3	0	39	51	54	-1	59	1	In	VDJ												
ATTCCCTGGAGCTTGGTGACTCTGCTGTGTATTTCTGTGCCAGCAGCCGCTTTACAAAGTCGGGCCAACGTCCTGACTTTCGGGGCC		1	0.016666666666666666	46	TCRBV03	TCRBV03				TCRBV03-01,TCRBV03-02		TCRBD01-01*01	TCRBD01	TCRBD01-01	01				TCRBJ02-06*01	TCRBJ02	TCRBJ02-06	01				4	5	3	6	5	5	35	48	53	56	61	1	Out	VDJ												
GAGATCCAGCGCACAGAGCAGGGGGACTCGGCCATGTATCTCTGTGCCACATGACAAAGTCGGGCCAACGTCCTGACTTTCGGGGCC	CAT*QSRANVLTF	1	0.016666666666666666	39	TCRBV07-09	TCRBV07	TCRBV07-09				01,03	TCRBD01-01*01	TCRBD01	TCRBD01-01	01				TCRBJ02-06*01	TCRBJ02	TCRBJ02-06	01				10	5	2	6	3	5	42	49	52	56	61	1	Stop	VDJ												
AACGCCTTGGAGCTGGAGGACTCGGCCCTGTATCTCTGTGCCAGCAGCCAATTCCAGGGCTTCACCGGGGAGCTGTTTTTTGGAGAA	CASSQFQGFTGELFF	1	0.016666666666666666	45	TCRBV05-08*01	TCRBV05	TCRBV05-08	01				TCRBD01-01*01	TCRBD01	TCRBD01-01	01				TCRBJ02-02*01	TCRBJ02	TCRBJ02-02	01				4	3	4	3	6	4	36	48	54	59	62	1	In	VDJ												
ATCCAGTCCACGGAGTCAGGGGACACAGCACTGTATTTCTGTGCCAGCAGGCTACATTGGCATCATCAGCCCCAGCATTTTGGTGAT	CASRLHWHHQPQHF	1	0.016666666666666666	42	TCRBV21-01*01	TCRBV21	TCRBV21-01	01								TCRBD01,TCRBD02	TCRBD01-01,TCRBD02-01		TCRBJ01-05*01	TCRBJ01	TCRBJ01-05	01				6	8	3	6	3	5	39	50	53	56	64	1	In	VDJ												
CAGCCCTCAGAACCCAGGGACTCAGCTGTGTACTTCTGTGCCAGCAGTCCACAGGGAGGGGGCGGTCAGCCCCAGCATTTTGGTGAT	CASSPQGGGGQPQHF	1	0.016666666666666666	45	TCRBV12	TCRBV12				TCRBV12-03,TCRBV12-04						TCRBD01,TCRBD02	TCRBD01-01,TCRBD02-01		TCRBJ01-05*01	TCRBJ01	TCRBJ01-05	01				5	2	5	0	8	6	36	48	56	63	65	1	In	VDJ												
CAGCGCACACAGCAGGAGGACTCCGCCGTGTATCTCTGTGCCAGCAGCCCCGACGAAGTTTTCAATCAGCCCCAGCATTTTGGTGAT	CASSPDEVFNQPQHF	1	0.016666666666666666	45	TCRBV07-08*01	TCRBV07	TCRBV07-08	01								TCRBD01,TCRBD02	TCRBD01-01,TCRBD02-01		TCRBJ01-05*01	TCRBJ01	TCRBJ01-05	01				5	8	2	7	3	3	36	48	51	54	62	1	In	VDJ												
GAGCTGGGGGACTCAGCCCTGTACTTCTGTGCCAGCAGCTTACAAGGCCCCTTAGCGGGGGTATTTAGTGAGCAGTTCTTCGGGCCA	CASSLQGPLAGVFSEQFF	1	0.016666666666666666	54	TCRBV13-01*01	TCRBV13	TCRBV13-01	01				TCRBD02-01*01	TCRBD02	TCRBD02-01	01				TCRBJ02-01*01	TCRBJ02	TCRBJ02-01	01				2	7	5	2	10	9	27	42	52	61	68	1	In	VDJ												
GTGACCAGTGCCCATCCTGAAGACAGCAGCTTCTACATCTGCAGTGCTCCCGGGACTAGCGGACAAGAGACCCAGTACTTCGGGCCA	CSAPGTSGQETQYF	1	0.016666666666666666	42	TCRBV20	TCRBV20				TCRBV20-01,TCRBV20-or09_02		TCRBD02-01	TCRBD02	TCRBD02-01				01,02	TCRBJ02-05*01	TCRBJ02	TCRBJ02-05	01				5	1	0	5	3	2	39	48	51	62	63	1	In	VDJ												
TCAGGCTGGAGTCGGCTGCTCCCTCCCAGACATCTGTGTACTTCTGTGCCAGCAGGGCTGGATGCTGGGGGCTACACCTTCGGTTCG		1	0.016666666666666666	37	TCRBV06-01*01	TCRBV06	TCRBV06-01	01								TCRBD01,TCRBD02	TCRBD01-01,TCRBD02-01		TCRBJ01-02*01	TCRBJ01	TCRBJ01-02	01				6	0	0	9	11	8	44	55	66	-1	69	1	Out	VDJ												
AGCTCTCTGGAGCTGGGGGACTCAGCTTTGTATTTCTGTGCCAGCAGCGCCAGACAGGGGACAACGGACACCATATATTTTGGAGAG	CASSARQGTTDTIYF	1	0.016666666666666666	45	TCRBV09-01	TCRBV09	TCRBV09-01				01,02	TCRBD01-01*01	TCRBD01	TCRBD01-01	01				TCRBJ01-03*01	TCRBJ01	TCRBJ01-03	01				3	7	2	2	3	8	36	49	52	60	67	1	In	VDJ												
GAGATGAATGTGAGCACCTTGGAGCTGGGGGACTCGGCCCTTTATCTTTGCGCCAGCAGAGACAATGAAAAACTGTTTTTTGGCAGT	CASRDNEKLFF	1	0.016666666666666666	33	TCRBV05-01*01	TCRBV05	TCRBV05-01	01								TCRBD01,TCRBD02	TCRBD01-01,TCRBD02-01		TCRBJ01-04*01	TCRBJ01	TCRBJ01-04	01				5	0	2	7	1	5	48	59	60	-1	63	1	In	VDJ												
TGGAGGACTCAGCCATGTACTTCTGTGCCAGCAGTGAATTTGGTAGGGGGCCGCAGCTCCTATAATTCACCCCTCCACTTTGGGAAC		1	0.016666666666666666	58	TCRBV02-01*01	TCRBV02	TCRBV02-01	01				TCRBD01-01*01	TCRBD01	TCRBD01-01	01				TCRBJ01-06*01	TCRBJ01	TCRBJ01-06	01				2	5	5	0	6	0	23	38	44	51	56	1	Out	VDJ												
TCCCTGGAGCTTGGTGACTCTGCTGTGTATTTCTGTGCCAGCAGCATGCAAGCTCTTTGGCATCATCAGCCCCAGCATTTTGGTGAT	CASSMQALWHHQPQHF	2	0.03333333333333333	48	TCRBV03	TCRBV03				TCRBV03-01,TCRBV03-02						TCRBD01,TCRBD02	TCRBD01-01,TCRBD02-01		TCRBJ01-05*01	TCRBJ01	TCRBJ01-05	01				5	3	9	0	13	5	33	45	58	61	64	2	In	VDJ												
CCCTGGAGTCTGCCAGGCCCTCACATACCTCTCAGTACCTCTGTGCCAGCAGGACACAGGGAACTACGTGAGCAGTACTTCGGGCCG		1	0.016666666666666666	40	TCRBV25-01*01	TCRBV25	TCRBV25-01	01				TCRBD01-01*01	TCRBD01	TCRBD01-01	01				TCRBJ02-07*01	TCRBJ02	TCRBJ02-07	01				6	8	3	3	3	7	41	52	55	61	69	1	Out	VDJ												
CAGCCAGAAGACTCGGCCCTGTATCTCTGTGCCAGCAGCTAGACGTCCAAATTACAAAGTCGGGCCAACGTCCTGACTTTCGGGGCC	CASS*TSKLQSRANVLTF	1	0.016666666666666666	54	TCRBV04-02*01	TCRBV04	TCRBV04-02	01								TCRBD01,TCRBD02	TCRBD01-01,TCRBD02-01		TCRBJ02-06*01	TCRBJ02	TCRBJ02-06	01				5	17	2	7	2	5	27	39	41	44	61	1	Stop	VDJ												
CCCTGGAGCTTGGTGACTCTGCTGTGTATTTCTGTGCCAGCAGCGGGACACATCCTTGTCATGCACGATACGCAGTATTTTGGCCCA		1	0.016666666666666666	49	TCRBV03	TCRBV03				TCRBV03-01,TCRBV03-02		TCRBD01-01*01	TCRBD01	TCRBD01-01	01				TCRBJ02-03*01	TCRBJ02	TCRBJ02-03	01				5	16	0	6	0	6	32	-1	44	50	66	1	Out	VDJ												
CGGCTGCTCCCTCCCAGACATCTGTGTACTTCTGTGCCAGCAGTGTGCGTGTAACAAAGTCGGGCCAACGTCCTGACTTTCGGGGCC		1	0.016666666666666666	49	TCRBV06-01*01	TCRBV06	TCRBV06-01	01								TCRBD01,TCRBD02	TCRBD01-01,TCRBD02-01		TCRBJ02-06*01	TCRBJ02	TCRBJ02-06	01				4	5	3	6	8	5	32	45	53	56	61	1	Out	VDJ												
CTGGAGCTGGTGACTCTGCTGTGTATTTCTGTGCCAGCAGCTTGCTACATCCCATTCCATTCCGACAATGAGCAGTTCTTCGGGCCA		1	0.016666666666666666	52	TCRBV03	TCRBV03				TCRBV03-01,TCRBV03-02						TCRBD01,TCRBD02	TCRBD01-01,TCRBD02-01		TCRBJ02-01*01	TCRBJ02	TCRBJ02-01	01				5	15	3	6	5	5	29	41	46	49	64	1	Out	VDJ												
TCGGCTGCTCCCTCCCAGACATCTGTGTACTTCTGTGCCAGCAGCCCGTGGACGGGGAATAGCAATCAGCCCCAGCATTTTGGTGAT	CASSPWTGNSNQPQHF	1	0.016666666666666666	48	TCRBV06	TCRBV06				TCRBV06-01,TCRBV06-05		TCRBD02-01*01	TCRBD02	TCRBD02-01	01				TCRBJ01-05*01	TCRBJ01	TCRBJ01-05	01				6	2	8	3	8	0	33	44	52	57	59	1	In	VDJ												
AGCAACATGAGCCCTGAAGACAGCAGCATATATCTCTGCAGCGTTGGGCGGGACACTATCAGCTCCTACGAGCAGTACTTCGGGCCG	CSVGRDTISSYEQYF	1	0.016666666666666666	45	TCRBV29-01*01	TCRBV29	TCRBV29-01	01								TCRBD01,TCRBD02	TCRBD01-01,TCRBD02-01		TCRBJ02-07*01	TCRBJ02	TCRBJ02-07	01				4	7	0	6	3	0	36	46	49	55	62	1	In	VDJ												
GCAGAACTGGAGGATTCTGGAGTTTATTTCTGTGCCAGCAGCGAAGTGGGACTAGCGGGGTGGGACAATGAGCAGTTCTTCGGGCCA	CASSEVGLAGWDNEQFF	1	0.016666666666666666	51	TCRBV14-01*01	TCRBV14	TCRBV14-01	01				TCRBD02-01*01	TCRBD02	TCRBD02-01	01				TCRBJ02-01*01	TCRBJ02	TCRBJ02-01	01				1	4	0	3	1	5	30	46	47	60	64	1	In	VDJ												
AGCTCTCTGGAGCTGGGGGACTCAGCTTTGTATTTCTGTGCCAGCAGCGGGGCACAGGACAGCCTCTATGGCTACACCTTCGGTTCG	CASSGAQDSLYGYTF	1	0.016666666666666666	45	TCRBV09-01	TCRBV09	TCRBV09-01				01,02	TCRBD01-01*01	TCRBD01	TCRBD01-01	01				TCRBJ01-02*01	TCRBJ01	TCRBJ01-02	01				3	3	1	5	7	4	36	49	56	62	65	1	In	VDJ												
CTGGAGTCCGCCAGCACCAACCAGACATCTATGTACCTCTGTGCCAGAGGGACGGTCTATAGCAATCAGCCCCAGCATTTTGGTGAT	CARGTVYSNQPQHF	1	0.016666666666666666	42	TCRBV28-01*01	TCRBV28	TCRBV28-01	01								TCRBD01,TCRBD02	TCRBD01-01,TCRBD02-01		TCRBJ01-05*01	TCRBJ01	TCRBJ01-05	01				9	6	0	7	1	0	39	47	48	53	59	1	In	VDJ												
GAGCAGCGGGACTCAGCCATGTATCGCTGTGCCAGCAGCTTCCGAAGTAAGCCACAAAGTCGGGCCAACGTCCTGACTTTCGGGGCC	CASSFRSKPQSRANVLTF	1	0.016666666666666666	54	TCRBV07-07*01	TCRBV07	TCRBV07-07	01								TCRBD01,TCRBD02	TCRBD01-01,TCRBD02-01		TCRBJ02-06*01	TCRBJ02	TCRBJ02-06	01				3	5	3	6	12	5	27	41	53	56	61	1	In	VDJ												
AAGATCCAGCCTGCAGAGCTTGGGGACTCGGCCGTGTATCTCTGTGCCAGCAGCCGATGGAGTAACACTGAAGCTTTCTTTGGACAA	CASSRWSNTEAFF	1	0.016666666666666666	39	TCRBV11-03*01	TCRBV11	TCRBV11-03	01				TCRBD02-01*02	TCRBD02	TCRBD02-01	02				TCRBJ01-01*01	TCRBJ01	TCRBJ01-01	01				5	1	10	2	4	2	42	54	58	62	63	1	In	VDJ												
CGGTCCACAAAGCTGGAGGACTCAGCCATGTACTTCTGTGCCAGTACCTACTATACCGGGACAAATCAGCCCCAGCATTTTGGTGAT	CASTYYTGTNQPQHF	1	0.016666666666666666	45	TCRBV02-01*01	TCRBV02	TCRBV02-01	01				TCRBD01-01*01	TCRBD01	TCRBD01-01	01				TCRBJ01-05*01	TCRBJ01	TCRBJ01-05	01				9	0	0	6	13	4	36	44	57	-1	63	1	In	VDJ												
AAGATCCAGCCTGCAAAGCTTGAGGACTCGGCCGTGTATCTCTGTGCCAGCAGCCAGGGGAGGGTAAACATTCAGTACTTCGGCGCC	CASSQGRVNIQYF	1	0.016666666666666666	39	TCRBV11-02*02	TCRBV11	TCRBV11-02	02				TCRBD02-01*02	TCRBD02	TCRBD02-01	02				TCRBJ02-04*01	TCRBJ02	TCRBJ02-04	01				5	1	9	0	3	6	42	54	57	64	65	1	In	VDJ												
CCACGGAGTCAGGGGACACAGCACTGTATTTCTGTGCCAGCAGTCGCAGGCTAGCTACACTCCGACAATGAGCAGTTCTTCGGGCCA		1	0.016666666666666666	49	TCRBV21-01*01	TCRBV21	TCRBV21-01	01				TCRBD02-01	TCRBD02	TCRBD02-01				01,02	TCRBJ02-01*01	TCRBJ02	TCRBJ02-01	01				6	9	4	7	7	5	32	43	50	55	64	1	Out	VDJ												
TCCACAAAGCTGGAGGACTCAGCCATGTACTTCTGTGCCAGCAGTGGCTGGAGCCGATGAAAGACCTATGGCTACACCTTCGGTTCG	CASSGWSR*KTYGYTF	1	0.016666666666666666	48	TCRBV02-01*01	TCRBV02	TCRBV02-01	01				TCRBD02-01*02	TCRBD02	TCRBD02-01	02				TCRBJ01-02*01	TCRBJ01	TCRBJ01-02	01				4	12	10	2	3	4	33	46	49	53	65	1	Stop	VDJ												
CAGCCCTCAGAACCCAGGGACTCAGCTGTGTACTTCTGTGCCAGCACCCCGGACGGGCTTAGCAATCAGCCCCAGCATTTTGGTGAT	CASTPDGLSNQPQHF	1	0.016666666666666666	45	TCRBV12	TCRBV12				TCRBV12-03,TCRBV12-04						TCRBD01,TCRBD02	TCRBD01-01,TCRBD02-01		TCRBJ01-05*01	TCRBJ01	TCRBJ01-05	01				7	5	1	7	4	0	36	46	50	54	59	1	In	VDJ												
AGGCTGCTGTCGGCTGCTCCCTCCCAGACATCTGTGTACTTCTGTGCCAGCAGTTACCAGGAGTTTAATGGCTACACCTTCGGTTCG	CASSYQEFNGYTF	1	0.016666666666666666	39	TCRBV06-05*01	TCRBV06	TCRBV06-05	01								TCRBD01,TCRBD02	TCRBD01-01,TCRBD02-01		TCRBJ01-02*01	TCRBJ01	TCRBJ01-02	01				2	6	4	4	0	6	42	-1	57	61	67	1	In	VDJ												
TCCGCCAGCACCAACCAGACATCTATGTACCTCTGTGCCAGCAGTACGTATAGGGCCGCGTTGGAAAATGAGCAGTTCTTCGGGCCA	CASSTYRAALENEQFF	1	0.016666666666666666	48	TCRBV28-01*01	TCRBV28	TCRBV28-01	01								TCRBD01,TCRBD02	TCRBD01-01,TCRBD02-01		TCRBJ02-01*01	TCRBJ02	TCRBJ02-01	01				5	11	5	3	6	7	33	45	51	55	66	1	In	VDJ												
CTGCTGTCGGCTGCTCCCTCCCAGACATCTGTGTACTTCTGTGCCAGCAGCCGCGGCAGGGGGCTTGATACGCAGTATTTTGGCCCA	CASSRGRGLDTQYF	1	0.016666666666666666	42	TCRBV06-05*01	TCRBV06	TCRBV06-05	01				TCRBD01-01*01	TCRBD01	TCRBD01-01	01				TCRBJ02-03*01	TCRBJ02	TCRBJ02-03	01				6	2	4	0	6	6	39	50	56	64	66	1	In	VDJ												
GCTTGAGGACTCGGCCGTGTATCTCTGTGCCAGCAGCGTTAAGATAACACGCCCCAAAGTCGGGCCAACGTCCTGACCCCCGGGGCC		1	0.016666666666666666	56	TCRBV11-02*02	TCRBV11	TCRBV11-02	02								TCRBD01,TCRBD02	TCRBD01-01,TCRBD02-01		TCRBJ02-06*01	TCRBJ02	TCRBJ02-06	01				5	15	8	0	24	24	25	37	61	65	80	1	Out	VDJ												
TCGGCTGCTCCCTCCCAGACATCTGTGTACTTCTGTGCCAGCAGCACCCACAGGGGATCCTATAATTCACCCCTCCACTTTGGGAAC	CASSTHRGSYNSPLHF	1	0.016666666666666666	48	TCRBV06	TCRBV06				TCRBV06-01,TCRBV06-05		TCRBD01-01*01	TCRBD01	TCRBD01-01	01				TCRBJ01-06*01	TCRBJ01	TCRBJ01-06	01				6	1	3	2	5	1	33	44	49	56	57	1	In	VDJ												
GTGAACGCCTTGGAGCTGGACGACTCGGCCCTGTATCTCTGTGCCAGCAGCCCAGAGGGGCGGCCCACTGAAGCTTTCTTTGGACAA	CASSPEGRPTEAFF	1	0.016666666666666666	42	TCRBV05-04*01	TCRBV05	TCRBV05-04	01								TCRBD01,TCRBD02	TCRBD01-01,TCRBD02-01		TCRBJ01-01*01	TCRBJ01	TCRBJ01-01	01				4	5	5	2	4	4	39	51	55	60	65	1	In	VDJ												
ATCCAGCGCACACAGAAGGAGGACTCCGCCGTGTATCTCTGTGCCAGCAGCCAGGACAGAATACACACTGAAGCTTTCTTTGGACAA	CASSQDRIHTEAFF	1	0.016666666666666666	42	TCRBV07-08*02	TCRBV07	TCRBV07-08	02				TCRBD01-01*01	TCRBD01	TCRBD01-01	01				TCRBJ01-01*01	TCRBJ01	TCRBJ01-01	01				5	5	1	5	2	3	39	51	53	59	64	1	In	VDJ												
